{
	"partitions" : [
		{
			"name" : "Top",
			"pins" : [
				{
					"name" : "PC[0]",
					"strict" : false
				},
				{
					"name" : "PC[1]",
					"strict" : false
				},
				{
					"name" : "PC[2]",
					"strict" : false
				},
				{
					"name" : "PC[3]",
					"strict" : false
				},
				{
					"name" : "PC[4]",
					"strict" : false
				},
				{
					"name" : "PC[5]",
					"strict" : false
				},
				{
					"name" : "PC[6]",
					"strict" : false
				},
				{
					"name" : "MAR[0]",
					"strict" : false
				},
				{
					"name" : "MAR[1]",
					"strict" : false
				},
				{
					"name" : "MAR[2]",
					"strict" : false
				},
				{
					"name" : "MAR[3]",
					"strict" : false
				},
				{
					"name" : "MAR[4]",
					"strict" : false
				},
				{
					"name" : "MAR[5]",
					"strict" : false
				},
				{
					"name" : "MAR[6]",
					"strict" : false
				},
				{
					"name" : "MDOut[0]",
					"strict" : false
				},
				{
					"name" : "MDOut[1]",
					"strict" : false
				},
				{
					"name" : "MDOut[2]",
					"strict" : false
				},
				{
					"name" : "MDOut[3]",
					"strict" : false
				},
				{
					"name" : "MDOut[4]",
					"strict" : false
				},
				{
					"name" : "MDOut[5]",
					"strict" : false
				},
				{
					"name" : "MDOut[6]",
					"strict" : false
				},
				{
					"name" : "MDOut[8]",
					"strict" : false
				},
				{
					"name" : "MDOut[9]",
					"strict" : false
				},
				{
					"name" : "MDOut[10]",
					"strict" : false
				},
				{
					"name" : "MDOut[11]",
					"strict" : false
				},
				{
					"name" : "MDOut[12]",
					"strict" : false
				},
				{
					"name" : "MDOut[13]",
					"strict" : false
				},
				{
					"name" : "MDOut[14]",
					"strict" : false
				},
				{
					"name" : "MDIn[0]",
					"strict" : false
				},
				{
					"name" : "MDIn[1]",
					"strict" : false
				},
				{
					"name" : "MDIn[2]",
					"strict" : false
				},
				{
					"name" : "MDIn[3]",
					"strict" : false
				},
				{
					"name" : "MDIn[4]",
					"strict" : false
				},
				{
					"name" : "MDIn[5]",
					"strict" : false
				},
				{
					"name" : "MDIn[6]",
					"strict" : false
				},
				{
					"name" : "MDIn[8]",
					"strict" : false
				},
				{
					"name" : "MDIn[9]",
					"strict" : false
				},
				{
					"name" : "MDIn[10]",
					"strict" : false
				},
				{
					"name" : "MDIn[11]",
					"strict" : false
				},
				{
					"name" : "MDIn[12]",
					"strict" : false
				},
				{
					"name" : "MDIn[13]",
					"strict" : false
				},
				{
					"name" : "MDIn[14]",
					"strict" : false
				},
				{
					"name" : "C[14]",
					"strict" : false
				},
				{
					"name" : "C[11]",
					"strict" : false
				},
				{
					"name" : "C[10]",
					"strict" : false
				},
				{
					"name" : "C[9]",
					"strict" : false
				},
				{
					"name" : "C[8]",
					"strict" : false
				},
				{
					"name" : "C[7]",
					"strict" : false
				},
				{
					"name" : "C[5]",
					"strict" : false
				},
				{
					"name" : "C[4]",
					"strict" : false
				},
				{
					"name" : "C[3]",
					"strict" : false
				},
				{
					"name" : "C[2]",
					"strict" : false
				},
				{
					"name" : "C[1]",
					"strict" : false
				},
				{
					"name" : "C[0]",
					"strict" : false
				},
				{
					"name" : "Mode",
					"strict" : false
				},
				{
					"name" : "DataIn[0]",
					"strict" : false
				},
				{
					"name" : "DataIn[1]",
					"strict" : false
				},
				{
					"name" : "DataIn[2]",
					"strict" : false
				},
				{
					"name" : "DataIn[3]",
					"strict" : false
				},
				{
					"name" : "DataIn[4]",
					"strict" : false
				},
				{
					"name" : "DataIn[5]",
					"strict" : false
				},
				{
					"name" : "DataIn[6]",
					"strict" : false
				},
				{
					"name" : "DataIn[7]",
					"strict" : false
				},
				{
					"name" : "SysClock",
					"strict" : false
				},
				{
					"name" : "Start",
					"strict" : false
				},
				{
					"name" : "RW",
					"strict" : false
				},
				{
					"name" : "ClearAddGen",
					"strict" : false
				},
				{
					"name" : "ClockIn",
					"strict" : false
				}
			]
		}
	]
}